date,RSAFS,RSFSXMV,RSHPCS,RSGASS,RSCCAS,RSSGHBMS,RSGMS,RSDSELD,RSMSR,RSNSR,RSFSDP,RSXFS,break_inflate10,cpi,employ_rate,indust_prod,mortgage_rate30,Spcpi,int_trade,year,month
1/1/2003,295248,225575,15441,23073,14565,5794,37740,17807,8565,16434,28018,267230,1.754285714,0.442233278,71.59030104,91.2395,5.916,2.7875531,97491000000,2003,1
2/1/2003,291167,224632,15534,23885,14142,5576,38030,17670,8372,16933,27979,263188,1.912631579,0.770500826,71.52052557,91.3384,5.8425,2.7046594,93154000000,2003,2
3/1/2003,296325,227697,15677,23968,14465,5660,38391,17763,8405,16764,28505,267820,1.862857143,0.60076461,71.39622472,91.069,5.745,2.6277872,1.06E+11,2003,3
4/1/2003,295600,226020,15705,22581,14434,5709,38321,17687,8359,16593,28403,267197,1.774761905,-0.217155266,71.37855602,90.4913,5.8125,2.4593491,1.04E+11,2003,4
5/1/2003,296410,226750,15791,21810,14651,5748,38483,17838,8525,16722,29048,267362,1.660952381,-0.163220892,71.21306064,90.4697,5.484,2.3483407,1.02E+11,2003,5
6/1/2003,299626,229301,15934,21777,14894,5908,38866,17912,8537,16938,29230,270396,1.612380952,0.108991826,71.21528588,90.5899,5.23,2.27155,1.04E+11,2003,6
7/1/2003,302747,231698,16182,22196,15141,5808,39404,18140,8497,17049,29395,273352,1.865909091,0.108873163,70.98995251,91.0614,5.6325,2.237208,1.08E+11,2003,7
8/1/2003,307809,234890,16345,23073,15089,6132,40085,18207,8618,17312,29844,277965,2.124761905,0.380641653,71.00284487,90.8452,6.264,2.1655338,1.02E+11,2003,8
9/1/2003,305933,234749,16339,23214,15175,5954,39896,18157,8442,17595,29503,276430,2.088095238,0.325027086,70.91933054,91.4453,6.1475,2.1842475,1.08E+11,2003,9
10/1/2003,304809,234992,16434,22714,15067,5841,39649,17889,8591,17778,30045,274764,2.214090909,-0.107991361,71.0562542,91.5595,5.952,2.1611133,1.17E+11,2003,10
11/1/2003,308527,236789,16500,23472,15338,6011,39945,17810,8530,17881,30229,278298,2.336111111,-0.27027027,71.13727222,92.1763,5.9325,2.0365931,1.06E+11,2003,11
12/1/2003,307407,237304,16648,23994,15456,6013,40084,17791,8576,17742,29795,277612,2.284090909,-0.108401084,71.11806807,92.2532,5.876,1.976213,1.09E+11,2003,12
1/1/2004,309254,239984,16287,24889,15513,6087,40436,17800,8665,18275,30341,278913,2.263,0.488334238,71.27802136,92.4067,5.7125,1.9607229,1.04E+11,2004,1
2/1/2004,311393,240300,16133,25256,15687,6093,40519,17871,8481,18566,30461,280932,2.322105263,0.539956803,71.20857649,92.9687,5.635,2.0481367,1.05E+11,2004,2
3/1/2004,316912,244775,16526,25679,15984,6067,41079,18165,8552,18072,30703,286209,2.361304348,0.644468314,71.04987551,92.6,5.445,2.1370611,1.23E+11,2004,3
4/1/2004,313512,243552,16476,25518,15567,5941,40662,17752,8685,18442,30560,282952,2.444761905,0.320170758,71.18273755,92.9761,5.83,2.2577613,1.19E+11,2004,4
5/1/2004,318964,246143,16462,27011,15736,5985,41332,17921,8869,18351,30712,288252,2.6255,0.585106383,71.13162713,93.6446,6.27,2.2378638,1.18E+11,2004,5
6/1/2004,314958,245967,16570,27050,15555,6017,40756,17695,8446,18649,30825,284133,2.587619048,0.317292438,71.10718812,92.9303,6.2875,2.3794884,1.28E+11,2004,6
7/1/2004,318549,247311,16554,26745,15645,6124,41197,17888,8554,18927,31191,287358,2.473809524,-0.158144439,71.30393312,93.6109,6.056,2.2638524,1.23E+11,2004,7
8/1/2004,318977,247612,16610,26552,15660,6192,41323,17896,8567,19178,31036,287941,2.421818182,0.05279831,71.26523753,93.6958,5.8675,2.2577292,1.27E+11,2004,8
9/1/2004,324569,249840,16635,27161,15764,6111,41555,17943,8596,19472,31430,293139,2.326666667,0.211081794,71.15240844,93.7958,5.754,2.240201,1.26E+11,2004,9
10/1/2004,326740,252882,16739,28656,16055,6094,42042,18016,8677,19675,31625,295115,2.368,0.526592944,71.22236285,94.6226,5.7225,2.2372194,1.35E+11,2004,10
11/1/2004,327836,254429,16813,29349,16044,6140,42179,17942,8877,19789,31659,296177,2.518,0.052383447,71.36334258,94.8491,5.73,2.3012131,1.35E+11,2004,11
12/1/2004,331874,256487,16882,29046,16183,6122,42656,18137,8914,19942,32111,299763,2.562272727,-0.366492147,71.30009354,95.5841,5.752,2.3138859,1.27E+11,2004,12
1/1/2005,328696,256613,17116,28375,16125,6192,42556,18034,8784,20237,32000,296696,2.498,0.21019443,71.30858847,95.9285,5.71,2.3158903,1.23E+11,2005,1
2/1/2005,333026,259253,17292,29015,16674,6269,43183,18173,8949,20175,32469,300557,2.534210526,0.576822234,71.2243995,96.6287,5.6275,2.2862449,1.22E+11,2005,2
3/1/2005,333581,259434,17245,29498,16293,6137,42949,17818,8890,20506,32273,301308,2.710454545,0.782064651,71.26674162,96.4907,5.928,2.2461526,1.35E+11,2005,3
4/1/2005,336583,262934,17350,30009,16636,6318,43601,18153,8839,20741,32823,303760,2.635238095,0.672529747,71.43594406,96.6809,5.855,2.2397223,1.35E+11,2005,4
5/1/2005,334522,261297,17413,29140,16514,6232,43423,17808,8932,20568,32746,301776,2.490952381,-0.102774923,71.52919517,96.7925,5.72,2.3579552,1.36E+11,2005,5
6/1/2005,343998,264359,17392,29889,16824,6135,44354,18263,8879,21024,33009,310989,2.323636364,0.051440329,71.49490588,97.19,5.582,2.1993552,1.41E+11,2005,6
7/1/2005,346576,264971,17635,30976,16450,6239,44017,17858,8927,20988,33056,313520,2.301,0.462724936,71.62719142,96.8981,5.695,2.3010794,1.37E+11,2005,7
8/1/2005,343307,269520,17548,33399,16759,6274,44214,17822,8881,21767,33261,310046,2.373478261,0.511770727,71.82585969,97.2223,5.82,2.2644059,1.46E+11,2005,8
9/1/2005,343956,273329,17707,36116,16450,6155,44502,17557,9010,21951,33283,310673,2.5,1.221995927,71.68737403,95.3463,5.774,2.3340762,1.46E+11,2005,9
10/1/2005,344097,276244,17742,35911,17120,6377,45267,18070,9086,22255,33618,310479,2.521,0.201207243,71.69166084,96.4981,6.065,2.3253024,1.56E+11,2005,10
11/1/2005,347325,274114,17859,33185,17142,6287,45226,18048,9151,22461,34022,313303,2.4715,-0.803212851,71.55668242,97.5646,6.33,2.4316658,1.50E+11,2005,11
12/1/2005,347405,274073,18005,33154,17207,6462,44778,17765,9044,22827,33932,313473,2.343809524,-0.4048583,71.62654856,98.0222,6.272,2.4690335,1.44E+11,2005,12
1/1/2006,357331,280574,18000,34298,17331,6735,45710,18107,9620,22574,34983,322348,2.41,0.762195122,71.68959915,98.2044,6.145,2.4510191,1.45E+11,2006,1
2/1/2006,354706,280598,18124,34174,17384,6629,45774,17981,9512,23068,34535,320171,2.52,0.201714574,71.77447655,98.2404,6.2525,2.4992554,1.35E+11,2006,2
3/1/2006,355665,281056,18222,34195,17385,6610,45635,17888,9398,23677,34796,320869,2.526521739,0.55359839,71.84186171,98.4742,6.324,2.581219,1.54E+11,2006,3
4/1/2006,357423,282525,18294,35646,17542,6580,46048,17932,9507,23305,34862,322561,2.581578947,0.850850851,71.78919938,98.7765,6.5075,2.6806926,1.47E+11,2006,4
5/1/2006,356704,282623,18466,36159,17492,6503,45806,17757,9475,23794,34910,321794,2.664090909,0.496277916,71.87020667,98.7884,6.5975,2.7839595,1.59E+11,2006,5
6/1/2006,357879,282510,18584,36228,17701,6524,45956,17847,9324,23762,34695,323184,2.576818182,0.197530864,72.00719053,99.1069,6.682,3.0344298,1.60E+11,2006,6
7/1/2006,359006,283042,18640,36963,17691,6461,45838,17584,9287,23638,34802,324204,2.5805,0.295712173,72.00609721,99.0357,6.7625,3.0939988,1.58E+11,2006,7
8/1/2006,360691,285504,18757,37696,17635,6412,46043,17490,9305,24225,35367,325324,2.585652174,0.196560197,72.09809497,99.4583,6.524,3.2251144,1.68E+11,2006,8
9/1/2006,358961,284382,18933,34935,18256,6690,46712,17826,9378,24206,35725,323236,2.3995,-0.490436488,72.05045513,99.2544,6.4025,3.212012,1.58E+11,2006,9
10/1/2006,358462,283015,19044,32912,18126,6589,46679,17657,9501,24349,35784,322678,2.317619048,-0.542138985,72.24154986,99.1514,6.3575,3.2911246,1.64E+11,2006,10
11/1/2006,359266,283202,19276,33322,17910,6461,46800,17609,9563,24259,35923,323343,2.303333333,-0.148662042,72.17787164,99.0974,6.24,3.1482614,1.57E+11,2006,11
12/1/2006,363730,288292,19385,34895,18497,6566,47344,17713,9876,24206,36881,326849,2.314,0.148883375,72.32395439,100.1117,6.135,3.1241583,1.49E+11,2006,12
1/1/2007,363616,288217,19423,34244,18493,6489,48034,18064,9629,24243,36435,327181,2.322857143,0.305252725,72.13950335,99.7226,6.2175,3.1457342,1.51E+11,2007,1
2/1/2007,364006,288165,19401,34932,18144,6494,47293,17586,9489,25505,36053,327953,2.362105263,0.535036756,71.9761166,100.6919,6.285,3.161558,1.40E+11,2007,2
3/1/2007,367158,291686,19540,35999,18643,6779,48132,17798,9771,25034,36579,330579,2.387727273,0.910569585,72.01818858,100.8857,6.156,3.1090014,1.61E+11,2007,3
4/1/2007,366187,289982,19572,36350,18189,6640,47679,17480,9586,25303,36627,329560,2.438095238,0.649616269,71.70548961,101.5777,6.18,2.9667028,1.57E+11,2007,4
5/1/2007,370934,293748,19650,37996,18545,6805,47887,17521,9843,25271,36732,334202,2.372727273,0.611071867,71.75388273,101.6481,6.262,2.783324,1.63E+11,2007,5
6/1/2007,368154,293360,19880,37310,18388,6850,47852,17328,9988,25462,37078,331076,2.411904762,0.193797518,71.76906947,101.6741,6.6575,2.6305791,1.64E+11,2007,6
7/1/2007,369614,294682,19831,36963,18522,6936,48412,17559,9759,25970,37272,332342,2.367619048,-0.025437721,71.7336101,101.5627,6.695,2.5346411,1.67E+11,2007,7
8/1/2007,371358,294809,20014,37223,18491,6780,48704,17527,9740,25826,37189,334169,2.236521739,-0.183390223,71.56721976,101.7751,6.572,2.4685402,1.71E+11,2007,8
9/1/2007,372869,295693,20132,38210,18412,6749,48288,17260,9783,26112,37427,335442,2.264210526,0.275590741,71.6966198,102.0279,6.3825,2.4838823,1.63E+11,2007,9
10/1/2007,375289,297672,19988,39307,18431,6834,48540,17292,9620,26397,37759,337530,2.325454545,0.213919133,71.57865066,101.7289,6.375,2.5033248,1.82E+11,2007,10
11/1/2007,378860,302939,19938,41985,18759,6940,49047,17346,9632,27065,37727,341133,2.3805,0.593961787,71.77461335,102.3185,6.208,2.6563697,1.76E+11,2007,11
12/1/2007,374298,300953,19825,41593,18570,6756,49302,17199,9688,26268,38109,336189,2.3085,-0.067086313,71.55160633,102.3074,6.095,2.7127336,1.63E+11,2007,12
1/1/2008,375236,301402,20120,42423,18542,6818,48951,16813,10074,26019,37824,337412,2.275238095,0.497057647,71.68004844,102.1686,5.758,2.7470404,1.68E+11,2008,1
2/1/2008,371833,299627,20279,42504,18280,6751,48927,16822,9380,26101,37249,334584,2.3325,0.290411218,71.4369118,101.7673,5.9175,2.6165653,1.65E+11,2008,2
3/1/2008,372745,300971,20288,43044,18338,6733,48990,16697,9355,26530,37552,335193,2.419,0.866821293,71.40616088,101.3986,5.97,2.6887664,1.71E+11,2008,3
4/1/2008,372572,302520,20172,42933,18384,6809,49433,16708,9277,27243,37729,334843,2.312727273,0.606477839,71.42763709,100.7238,5.9175,2.7251103,1.82E+11,2008,4
5/1/2008,376036,306893,20536,44344,18642,6949,50375,16916,9310,27526,38089,337947,2.42,0.842088603,71.20376424,100.1399,6.036,2.7937419,1.83E+11,2008,5
6/1/2008,376455,309294,20497,46547,18708,6879,50762,17059,9308,27403,38144,338311,2.470952381,1.007699693,71.12691593,99.9141,6.32,2.9376962,1.90E+11,2008,6
7/1/2008,375038,310641,20640,46813,18635,6858,50582,16779,9583,27823,38267,336771,2.438636364,0.525101113,70.9376369,99.4943,6.426,3.0142542,2.03E+11,2008,7
8/1/2008,372284,307299,20620,45645,18524,6931,50131,16645,9163,27374,38239,334045,2.20952381,-0.399156226,70.71813509,97.9367,6.4775,3.0845059,1.90E+11,2008,8
9/1/2008,366729,304180,20654,45777,17560,6536,49436,16079,9080,27258,38386,328343,1.836190476,-0.138301854,70.54013549,93.6585,6.0375,3.0766785,1.80E+11,2008,9
10/1/2008,352950,296351,20659,40584,17317,6426,49260,16016,8914,26333,38120,314830,1.061818182,-1.010133328,70.39216245,94.5845,6.2,2.9291949,1.86E+11,2008,10
11/1/2008,339350,284366,20789,31776,17173,6431,49464,16329,8630,25149,38018,301332,0.638333333,-1.915289533,69.94273286,93.3455,6.0875,2.7864624,1.48E+11,2008,11
12/1/2008,332091,277968,20682,27999,16868,6470,48906,15839,8564,24751,38066,294025,0.246363636,-1.034247381,69.55779473,90.7183,5.286,2.6304305,1.38E+11,2008,12
1/1/2009,336929,281139,20753,28818,17159,6661,49288,15861,8511,25049,38256,298673,0.6055,0.435241738,69.02579833,88.4683,5.0475,2.5522481,1.22E+11,2009,1
2/1/2009,335576,281388,20906,29860,17401,6535,49199,15627,8746,25241,37945,297631,1.117894737,0.497293304,68.72515975,87.936,5.13,2.5594949,1.09E+11,2009,2
3/1/2009,329747,276647,20908,28825,16510,6360,48840,15532,8615,24941,37447,292300,1.110454545,0.243174846,68.21274787,86.5503,5.0025,2.4535819,1.21E+11,2009,3
4/1/2009,331352,277795,21059,28747,16900,6514,48887,15638,8677,24932,37738,293614,1.35952381,0.249636828,68.12060173,85.8598,4.81,2.3761457,1.19E+11,2009,4
5/1/2009,334256,280167,21121,30488,17038,6453,49085,15727,8426,25159,37755,296501,1.576,0.288876383,67.7652672,84.9991,4.8575,2.2888288,1.16E+11,2009,5
6/1/2009,339883,283272,21055,33375,16817,6473,48792,15427,8465,25768,37714,302169,1.859545455,0.858989226,67.81073424,84.7277,5.42,2.0898948,1.27E+11,2009,6
7/1/2009,340517,282769,21027,33066,17015,6455,48812,15493,8352,26110,37715,302802,1.739545455,-0.158558692,67.70047316,85.7091,5.222,1.9228669,1.36E+11,2009,7
8/1/2009,346668,284405,21070,34658,17233,6628,48934,15539,8313,26150,37645,309023,1.813333333,0.224285004,67.32831979,86.6333,5.1925,1.7701932,1.31E+11,2009,8
9/1/2009,338507,284973,21231,34800,17172,6484,49220,15493,8385,26339,37474,301033,1.76,0.062548069,66.88108259,87.3615,5.0575,1.6158958,1.41E+11,2009,9
10/1/2009,341654,285185,21278,34885,17296,6408,49725,15620,8360,26634,37500,304154,1.904285714,0.096310119,66.60321309,87.5488,4.952,1.5209969,1.47E+11,2009,10
11/1/2009,344375,287020,21288,36573,17105,6307,49156,15482,8406,26666,37700,306675,2.127368421,0.070775337,66.67090804,87.9144,4.875,1.3714917,1.43E+11,2009,11
12/1/2009,346072,288993,21195,37182,17127,6523,49657,15459,8591,26984,37659,308413,2.225454545,-0.176119817,66.41049104,88.2318,4.93,1.3248615,1.46E+11,2009,12
1/1/2010,346043,289245,21187,37399,17351,6507,49844,15585,8363,27236,37700,308343,2.358421053,0.341747357,66.75059258,89.1936,5.03,1.1770019,1.37E+11,2010,1
2/1/2010,346835,291032,21199,36950,17402,6412,50538,15507,8251,27249,38267,308568,2.272105263,0.024920738,66.70921369,89.5089,4.99,1.0548474,1.34E+11,2010,2
3/1/2010,354360,293463,21363,37123,17908,6515,50095,15479,8705,27852,38376,315984,2.219130435,0.410628354,66.73215681,90.1449,4.9675,0.93183853,1.58E+11,2010,3
4/1/2010,357461,295638,21471,37218,17724,6409,50650,15744,8567,27767,38658,318803,2.345909091,0.173688491,66.86832546,90.474,5.098,0.87602978,1.53E+11,2010,4
5/1/2010,354255,292684,21399,36606,17656,6496,50023,15399,8632,27752,38695,315560,2.113,0.077519735,66.75546967,91.7131,4.8875,0.7998678,1.56E+11,2010,5
6/1/2010,353766,292341,21661,35609,17495,6497,49966,15405,8797,28465,38877,314889,1.947272727,-0.097626708,66.75205672,91.9287,4.7375,0.78483473,1.68E+11,2010,6
7/1/2010,354844,292165,21733,35764,17573,6516,49913,15216,8613,28113,39033,315811,1.77047619,0.021104306,66.73231854,92.2737,4.564,0.74959322,1.64E+11,2010,7
8/1/2010,356610,294065,21863,36223,17643,6441,50133,15244,8649,28764,39402,317208,1.676818182,0.138066428,66.78321107,92.615,4.4275,0.69562861,1.71E+11,2010,8
9/1/2010,359646,296386,21888,37357,17705,6469,50297,15177,8766,28998,39385,320261,1.738571429,0.058173623,66.65975322,92.8668,4.346,0.6676136,1.67E+11,2010,9
10/1/2010,363577,298661,22105,38519,18002,6579,50255,15171,8924,28899,39479,324098,2.015,0.124519889,66.45845351,92.6138,4.225,0.67526624,1.70E+11,2010,10
11/1/2010,367198,301818,22180,39272,18420,6723,51382,15684,8902,28943,39710,327488,2.097,0.042064642,66.36833365,92.6772,4.3,0.82600201,1.69E+11,2010,11
12/1/2010,369229,303933,22272,41279,18206,6588,50935,15293,8878,29646,39469,329760,2.246818182,0.171844079,66.49392011,93.5741,4.714,0.83710132,1.66E+11,2010,12
1/1/2011,372025,305807,22695,41778,18351,6565,50889,15231,8828,30596,39743,332282,2.3335,0.476323005,66.68076578,93.3793,4.755,0.96003713,1.67E+11,2011,1
2/1/2011,375064,307809,22428,42294,18594,6611,51513,15487,9116,30116,40382,334682,2.338421053,0.493136503,66.59862828,93.0051,4.9525,1.1238816,1.56E+11,2011,2
3/1/2011,378576,310995,22563,43780,18706,6566,51635,15372,8842,30497,40575,338001,2.450434783,0.975107203,66.68599575,93.978,4.836,1.1861014,1.86E+11,2011,3
4/1/2011,380337,313677,22448,44561,18946,6608,52018,15517,9053,30696,40624,339713,2.5915,0.643942954,66.53967419,93.6525,4.84,1.21555,1.78E+11,2011,4
5/1/2011,380219,314364,22608,45300,18831,6542,51752,15293,8975,30943,41050,339169,2.39,0.470418753,66.53673684,93.7878,4.6375,1.2613949,1.89E+11,2011,5
6/1/2011,383327,316502,22607,44572,19187,6585,52419,15583,9062,31181,41540,341787,2.246818182,-0.107096706,66.41428403,94.0378,4.51,1.2990532,1.92E+11,2011,6
7/1/2011,382954,316418,22728,44796,18998,6462,52110,15297,9168,31130,41516,341438,2.3795,0.088604567,66.40140706,94.5146,4.545,1.4236275,1.87E+11,2011,7
8/1/2011,383839,318034,22822,45033,18902,6661,52132,15102,9228,31648,41718,342121,2.167826087,0.27575889,66.66701059,95.1263,4.27,1.6569751,1.96E+11,2011,8
9/1/2011,387758,318942,22718,45082,19514,6686,52570,15252,9151,31604,42013,345745,1.897619048,0.151846212,66.68711102,95.0732,4.106,1.7268145,1.90E+11,2011,9
10/1/2011,390104,320224,22830,44846,19128,6605,52463,15132,9076,32441,42162,347942,1.966,-0.206268263,66.66569315,95.7291,4.0675,1.8413647,1.92E+11,2011,10
11/1/2011,391393,321170,22735,45622,19292,6544,52639,15167,9043,32722,42237,349156,2.012,-0.084356133,66.81656312,95.7455,3.9925,1.8407168,1.90E+11,2011,11
12/1/2011,391585,320165,22656,45291,19512,6353,52459,15109,8868,32460,41864,349721,2.00952381,-0.246651638,66.85456158,96.2147,3.958,2.0478499,1.85E+11,2011,12
1/1/2012,395641,323921,22973,45752,19564,6575,53097,15006,9309,32483,42905,352736,2.0745,0.440019143,66.92927661,96.8051,3.915,2.1159285,1.84E+11,2012,1
2/1/2012,400385,327728,22999,47171,20275,6683,53944,15239,9416,32903,42950,357435,2.222,0.440297355,66.96576337,97.1033,3.89,2.0181912,1.72E+11,2012,2
3/1/2012,401654,329062,22945,47495,20063,6815,53681,15172,9186,32899,42942,358712,2.314090909,0.759455862,66.98648921,96.5973,3.954,2.1247577,1.97E+11,2012,3
4/1/2012,400237,327235,23045,47006,19540,6859,53301,14860,9201,33185,43365,356872,2.266666667,0.30210295,66.92278862,97.3006,3.91,2.1937928,1.89E+11,2012,4
5/1/2012,399367,325721,22883,45766,19633,6869,53117,14675,8897,33845,43313,356054,2.144545455,-0.117347937,67.06270949,97.5046,3.798,2.1896843,1.98E+11,2012,5
6/1/2012,395553,323229,22471,43646,19860,6797,53158,14768,9079,33686,43542,352011,2.122857143,-0.146639688,67.12955756,97.4903,3.675,2.2407468,1.92E+11,2012,6
7/1/2012,397650,324453,22793,43484,19701,6813,53303,14830,9181,34154,43676,353974,2.128571429,-0.162978586,67.04849545,97.7234,3.55,2.2616531,1.93E+11,2012,7
8/1/2012,402287,328311,22741,46391,19947,6715,53564,14749,9083,34451,43712,358575,2.263913043,0.556515818,67.00507623,97.313,3.602,2.1718632,1.95E+11,2012,8
9/1/2012,405455,330332,22608,47107,20118,6720,53450,14706,9103,34766,44085,361370,2.436315789,0.446221227,67.31248165,97.2405,3.4975,2.2199385,1.86E+11,2012,9
10/1/2012,405572,330752,22504,47976,19911,6749,53646,14526,9157,34738,43708,361864,2.494761905,-0.038892514,67.49576393,97.561,3.3825,2.2070705,1.99E+11,2012,10
11/1/2012,407386,331479,22661,46822,19989,6675,53436,14415,9089,35177,44520,362866,2.4265,-0.473808669,67.27768067,97.9589,3.352,2.1959869,1.95E+11,2012,11
12/1/2012,408981,332186,22898,45886,20196,6828,53698,14452,9324,35232,44538,364443,2.4765,-0.269306449,67.29549972,98.2061,3.345,2.1097305,1.77E+11,2012,12
1/1/2013,412420,334713,23167,46043,20427,7012,54062,14726,9229,35822,45143,367277,2.523333333,0.295730419,67.26017539,98.199,3.414,2.0682971,1.85E+11,2013,1
2/1/2013,417383,338488,22992,49101,20324,7021,54584,14554,9281,35555,44868,372515,2.554736842,0.819002953,67.24302653,98.6835,3.5325,2.146017,1.70E+11,2013,2
3/1/2013,414116,336152,23025,47586,20345,6899,54227,14435,9367,35372,45054,369062,2.5425,0.261450858,67.17693881,99.0994,3.565,2.0999025,1.82E+11,2013,3
4/1/2013,412015,333700,22925,46120,20490,6795,54152,14226,9329,35134,44725,367290,2.411363636,-0.103963948,67.27221245,98.9898,3.445,1.9354319,1.91E+11,2013,4
5/1/2013,414466,334695,23021,45589,20403,6862,54488,14337,9328,35184,44818,369648,2.283181818,0.178040777,67.34242731,99.0782,3.536,1.907797,1.97E+11,2013,5
6/1/2013,415550,334241,23001,45824,20369,6913,54418,14225,9170,35194,44703,370847,2.0485,0.239970809,67.36664389,99.2141,4.07,1.8766189,1.85E+11,2013,6
7/1/2013,418500,336796,23262,45961,20579,6938,54644,14127,9215,35608,45053,373447,2.122272727,0.039399753,67.49126816,98.9132,4.37,1.867879,1.97E+11,2013,7
8/1/2013,417575,336281,23254,45632,20336,6713,54470,14072,9301,35763,45156,372419,2.184545455,0.120293156,67.41939121,99.4891,4.456,1.9142202,1.93E+11,2013,8
9/1/2013,417861,337682,23674,45745,20327,6877,54841,14140,9507,35662,45346,372515,2.1455,0.116300449,67.46938978,100.0172,4.49,1.8904211,1.92E+11,2013,9
10/1/2013,419434,337952,23690,45024,20770,6860,54845,14230,9478,35655,45942,373492,2.187272727,-0.257528326,67.12867199,99.9038,4.192,1.8687356,2.05E+11,2013,10
11/1/2013,420688,338885,23711,44716,20271,6875,54799,14087,9545,36542,46748,373940,2.170526316,-0.204242419,67.44181786,100.1479,4.255,1.8930866,1.89E+11,2013,11
12/1/2013,422955,341508,23755,46666,20584,6861,54632,13994,9389,37329,46334,376621,2.163333333,-0.00858115,67.5381834,100.3576,4.4575,1.8711904,1.83E+11,2013,12
1/1/2014,419245,340076,23735,47076,20538,6488,54553,13683,9248,36494,45918,373327,2.226190476,0.372024767,67.71342406,99.9828,4.432,1.8218145,1.86E+11,2014,1
2/1/2014,425006,343455,23842,47571,20554,6795,55394,14160,9386,37222,46426,378580,2.157368421,0.369790865,67.68507621,100.7485,4.3025,1.7891863,1.71E+11,2014,2
3/1/2014,429468,345060,23989,46861,20686,6803,55526,14139,9471,37682,47064,382404,2.167619048,0.644004413,67.91706995,101.7391,4.3425,1.8208567,1.95E+11,2014,3
4/1/2014,433648,347853,24191,47080,21166,6894,55954,14466,9348,37846,47141,386507,2.162380952,0.329675445,67.94190207,101.8023,4.3375,2.0251612,2.01E+11,2014,4
5/1/2014,434471,348582,24523,46780,20775,6860,55977,14270,9534,37955,47542,386929,2.190952381,0.349260984,68.02925515,102.2116,4.192,2.1282345,2.01E+11,2014,5
6/1/2014,435577,349297,24717,45732,20827,6950,55945,14045,9596,38559,47714,387863,2.229047619,0.186212694,68.15727373,102.5637,4.1625,2.1433409,1.98E+11,2014,6
7/1/2014,436347,349847,24730,45765,20929,6922,56080,14138,9628,38651,48086,388261,2.262727273,-0.039019396,68.17414123,102.8425,4.13,2.1008094,2.05E+11,2014,7
8/1/2014,439596,352325,24836,45907,21076,7122,56404,14162,9740,38975,48379,391217,2.196190476,-0.167051417,68.23137627,102.6499,4.115,1.9625042,1.97E+11,2014,8
9/1/2014,438665,352259,24949,45387,20820,7043,56074,13922,9734,39185,48985,389680,2.073333333,0.075256882,68.28201274,102.9647,4.1625,1.954047,2.04E+11,2014,9
10/1/2014,440261,353370,24859,44501,21157,7156,56232,13894,9895,39547,49664,390597,1.92,-0.251227781,68.57216584,102.9704,4.036,2.0060187,2.12E+11,2014,10
11/1/2014,441328,353621,24950,43630,21379,7147,56337,13948,9834,39811,49736,391592,1.88,-0.539941794,68.50972534,103.6017,3.9975,2.0043657,1.91E+11,2014,11
12/1/2014,438686,351245,25117,40445,21319,7066,56353,13995,9815,39845,50463,388223,1.696818182,-0.567010091,68.4813857,103.592,3.864,1.9711259,1.96E+11,2014,12
1/1/2015,436395,347998,25313,36572,21055,6939,56507,13948,9847,39923,50837,385558,1.607,-0.470589237,68.5453485,102.798,3.67,1.985653,1.81E+11,2015,1
2/1/2015,435744,348402,25111,37842,21333,6977,56147,13823,9766,40821,50640,385104,1.715263158,0.434304492,68.53634874,102.1554,3.71,1.9819969,1.63E+11,2015,2
3/1/2015,442131,351027,25650,38365,21394,7061,56316,13942,9794,40614,51075,391056,1.761818182,0.595172161,68.42959531,101.8077,3.77,1.9991371,1.98E+11,2015,3
4/1/2015,443119,351378,25225,37819,21474,7084,56230,13774,9738,40977,51744,391375,1.858181818,0.203287325,68.69088735,101.2285,3.672,2.0631236,1.90E+11,2015,4
5/1/2015,446198,353920,25202,39293,21635,7121,56735,14015,10001,40687,51866,394332,1.8655,0.509723203,68.79946789,100.7536,3.84,2.0668869,1.87E+11,2015,5
6/1/2015,446744,354459,25362,39799,21385,7069,56607,13738,10042,40957,51885,394859,1.865909091,0.350287,68.68994409,100.4529,3.9825,2.1147326,1.97E+11,2015,6
7/1/2015,450243,357711,25642,40279,21601,7124,56915,13700,10062,41636,52115,398128,1.820909091,0.006704716,68.63888059,101.11,4.046,2.1414477,1.94E+11,2015,7
8/1/2015,450183,357101,25816,39179,21653,7158,56752,13686,10162,41527,52473,397710,1.611428571,-0.141627628,68.76420044,100.8802,3.905,2.1802398,1.90E+11,2015,8
9/1/2015,448506,354941,26062,36906,21462,7188,57139,13750,9721,42038,52394,396112,1.522857143,-0.155675658,68.6530404,100.608,3.89,2.279431,1.91E+11,2015,9
10/1/2015,447191,354421,25924,36551,21303,7082,56789,13671,9713,42287,52766,394425,1.498571429,-0.044968375,68.71601423,100.151,3.796,2.3462109,1.95E+11,2015,10
11/1/2015,449027,355040,26098,36122,21341,7195,56970,13653,9861,42112,52886,396141,1.570526316,-0.211068038,68.86618198,99.3817,3.9425,2.4052606,1.82E+11,2015,11
12/1/2015,450939,357499,26298,35966,21547,7336,57204,13556,9777,42614,53695,397244,1.515,-0.341709644,69.07862545,98.8572,3.964,2.4436874,1.80E+11,2015,12
1/1/2016,447626,354564,26178,34562,21325,7292,56301,13224,9799,43126,53050,394576,1.42,0.165310221,69.18856829,99.4086,3.8725,2.4667222,1.66E+11,2016,1
2/1/2016,452393,356852,26752,32927,22000,7272,57209,13265,9784,43429,54244,398149,1.3075,0.082307653,69.26292322,98.8946,3.66,2.5442092,1.68E+11,2016,2
3/1/2016,450886,357351,26567,34189,21513,7257,56986,13191,10022,43585,53927,396959,1.551818182,0.430600014,69.2845483,98.1385,3.694,2.531878,1.79E+11,2016,3
4/1/2016,452345,358632,26781,35125,21439,7190,56870,12955,10144,43979,54246,398099,1.614761905,0.474106798,69.18172703,98.4364,3.605,2.537996,1.74E+11,2016,4
5/1/2016,454211,360113,26700,36019,21572,7246,56608,12835,10007,44826,54302,399909,1.594285714,0.4045791,69.29192466,98.2096,3.6,2.5711572,1.84E+11,2016,5
6/1/2016,459028,364297,26877,37148,21706,7573,57111,13080,10067,45352,54351,404677,1.47,0.328436617,69.20370576,98.6766,3.568,2.5689022,1.89E+11,2016,6
7/1/2016,457977,362052,26845,36794,21471,7203,56779,12856,10001,45204,54329,403648,1.4655,-0.16181364,69.28741973,98.8371,3.44,2.5758512,1.82E+11,2016,7
8/1/2016,458655,362324,26744,35936,21837,7013,56867,12881,9934,45596,54794,403861,1.46826087,0.091843011,69.39277939,98.7302,3.435,2.7228064,1.94E+11,2016,8
9/1/2016,461741,364480,26682,36912,21946,7045,56370,12790,10196,45978,55357,406384,1.514761905,0.240399586,69.42798121,98.6287,3.46,2.6321032,1.86E+11,2016,9
10/1/2016,462611,365676,25894,37899,21739,7094,56836,12661,10358,46397,55358,407253,1.667,0.124674851,69.41258637,98.7126,3.47,2.5095184,1.92E+11,2016,10
11/1/2016,462194,365572,26119,37521,21536,6952,56518,12310,9967,46452,56322,405872,1.822,-0.155546087,69.53930631,98.3004,3.77,2.5258013,1.91E+11,2016,11
12/1/2016,468582,369230,26179,39423,21999,7069,56445,12328,10156,48167,55371,413211,1.935714286,0.032732139,69.56071637,98.9063,4.198,2.594944,1.84E+11,2016,12
1/1/2017,473392,373962,26149,39938,22061,7223,57804,12656,10119,48082,57368,416024,2.0115,0.582772789,69.64742039,98.7349,4.15,2.661562,1.86E+11,2017,1
2/1/2017,473460,374524,26447,40272,21694,7058,57170,12471,10276,48270,57449,416011,2.018947368,0.314611739,69.71668609,98.4178,4.1675,2.67446,1.69E+11,2017,2
3/1/2017,472283,375404,26580,39840,21821,6974,57361,12447,10193,48919,57341,414942,1.996086957,0.081279787,70.01356893,99.0726,4.196,2.453344,1.94E+11,2017,3
4/1/2017,474137,376764,26763,39640,21797,7046,57644,12445,10251,49435,57435,416702,1.906315789,0.296553337,70.09787111,100.0545,4.045,2.25217,1.86E+11,2017,4
5/1/2017,471768,373963,26765,38041,21601,6951,56574,12322,10057,49924,57494,414274,1.836818182,0.085472183,70.01320957,100.139,4.01,2.155911,2.00E+11,2017,5
6/1/2017,473656,374936,27011,37413,21768,6963,57790,12350,10039,50255,57296,416360,1.728636364,0.090711101,70.1035437,100.3148,3.904,2.13853,1.98E+11,2017,6
7/1/2017,473637,374863,27047,37366,21626,6854,57475,12183,10270,50606,57150,416487,1.772,-0.068992264,70.17749941,100.1418,3.9675,2.146769,1.92E+11,2017,7
8/1/2017,474544,377878,27333,38658,21810,6921,57612,12114,10219,50947,57530,417014,1.775652174,0.29944523,70.16132366,99.6878,3.88,2.089832,2.02E+11,2017,8
9/1/2017,484243,383379,27395,40749,21864,6985,58351,12182,10331,51433,57788,426455,1.834,0.529490589,70.47715257,99.7829,3.805,2.106697,1.95E+11,2017,9
10/1/2017,484880,383395,27559,40920,21792,7013,57945,12048,10358,50938,58224,426656,1.861904762,-0.06320421,70.24327849,101.0401,3.895,2.192819,2.11E+11,2017,10
11/1/2017,489882,389208,27721,42042,21987,7124,57965,12014,10594,53336,58915,430967,1.857619048,0.002432469,70.28001871,101.226,3.922,2.115031,2.08E+11,2017,11
12/1/2017,493332,392925,27603,42907,21793,7077,58394,11914,10696,55188,59203,434129,1.8995,-0.058783228,70.27531689,101.3878,3.95,2.125472,2.00E+11,2017,12
1/1/2018,491248,391070,27603,43013,21874,6820,58569,12151,10899,54273,59463,431785,2.043809524,0.544774545,70.32186477,101.345,4.0325,2.166829,2.03E+11,2018,1
2/1/2018,494424,394491,27494,43517,22449,7092,58800,12147,10819,54595,59793,434631,2.101578947,0.453468997,70.60275566,101.7068,4.33,2.129934,1.87E+11,2018,2
3/1/2018,493527,393595,27656,42920,21778,7153,57897,11477,10743,55486,60288,433239,2.09047619,0.22611259,70.55876972,102.2785,4.444,2.359611,2.08E+11,2018,3
4/1/2018,494686,394329,27950,42638,22169,7051,58154,12204,10684,55831,59625,435061,2.127619048,0.397509156,70.58543303,103.434,4.4675,2.492147,2.05E+11,2018,4
5/1/2018,500671,400017,28294,43767,22820,7044,59558,12374,10851,55791,60912,439759,2.141818182,0.415891693,70.74112063,102.4735,4.586,2.544964,2.16E+11,2018,5
6/1/2018,499116,398729,28127,43541,22256,6830,58534,11839,10783,55728,61589,437527,2.117619048,0.15938757,70.70447361,103.2508,4.57,2.558656,2.11E+11,2018,6
7/1/2018,502596,401697,28308,43903,22704,6574,58872,11946,10422,56803,62174,440422,2.114285714,0.006746326,70.86644367,103.4588,4.5275,2.531541,2.17E+11,2018,7
8/1/2018,502503,402415,28535,44601,22229,6515,59007,11806,10596,57127,62627,439876,2.099130435,0.055554233,70.58232124,104.1802,4.55,2.430733,2.22E+11,2018,8
9/1/2018,500518,401109,28358,44201,22104,6426,58841,11674,10602,57839,61172,439346,2.123157895,0.116202518,70.76713932,104.1665,4.6275,2.475069,2.11E+11,2018,9
10/1/2018,505965,405896,28542,45906,22560,6426,59247,11769,10844,58059,61817,444148,2.111363636,0.176676346,70.90413564,104.0476,4.83,2.419846,2.36E+11,2018,10
11/1/2018,507282,406192,29088,43799,22531,6473,60634,11848,10789,59497,61475,445807,2.004,-0.334934852,70.96908662,103.9603,4.866,2.472599,2.14E+11,2018,11
12/1/2018,498336,396321,27847,41261,22200,6366,59479,11476,10614,55333,61452,436884,1.816315789,-0.319396282,70.98884237,103.869,4.6375,2.448984,2.07E+11,2018,12
1/1/2019,501305,401659,28629,40109,22176,6477,59441,11459,10368,59084,61512,439793,1.793809524,0.190659667,71.01831619,103.2684,4.464,2.378344,2.04E+11,2019,1
2/1/2019,503037,402085,28875,41996,22194,6536,59106,11480,10415,59819,62162,440875,1.876842105,0.422705314,71.04368243,102.8157,4.37,2.373979,1.86E+11,2019,2
3/1/2019,509552,405980,28827,43001,22566,6558,59339,11347,10600,60006,62598,446954,1.912857143,0.564135836,71.07826687,102.9,4.265,2.393918,2.08E+11,2019,3
4/1/2019,510367,408121,28719,43734,22515,6683,59893,11401,10837,59864,63137,447230,1.936666667,0.529500161,71.15513574,102.3826,4.1425,2.410959,2.09E+11,2019,4
5/1/2019,512883,410006,28862,43625,22215,6717,59540,11408,10930,61676,63898,448985,1.826363636,0.212875859,71.15345811,102.5756,4.072,2.39962,2.20E+11,2019,5
6/1/2019,513694,410816,28805,42238,22167,6799,59459,11208,10986,62748,64702,448992,1.7,0.019914718,71.25223733,102.5928,3.8025,2.431727,2.07E+11,2019,6
7/1/2019,518670,415325,28665,42850,22569,6680,60437,11568,10845,63746,65003,453667,1.752727273,0.167094162,71.26593493,102.2012,3.765,2.467932,2.18E+11,2019,7
8/1/2019,521158,415426,28580,42735,22615,6740,60074,11369,11045,63727,65191,455967,1.586363636,-0.005066824,71.43585761,102.9086,3.616,2.633395,2.15E+11,2019,8
9/1/2019,517755,414270,28600,42589,22376,6698,59377,11042,10997,63995,65707,452048,1.587,0.078344858,71.72250301,102.579,3.605,2.616559,2.06E+11,2019,9
10/1/2019,519519,416179,28809,43254,22417,6742,59662,10969,11156,64346,66068,453451,1.560909091,0.228619055,71.68721324,101.7775,3.688,2.7342,2.19E+11,2019,10
11/1/2019,521774,416055,28576,43246,22184,6532,60033,11109,11255,64466,65841,455933,1.640526316,-0.053624303,71.67652071,102.0979,3.695,2.760463,1.99E+11,2019,11
12/1/2019,525903,422153,28267,44459,23230,6720,60632,10954,11096,66026,66980,458923,1.718095238,-0.090976953,71.68861332,101.7632,3.72,2.724503,2.02E+11,2019,12
1/1/2020,524063,421133,28983,43351,23009,6702,60118,10902,11463,64673,67950,456113,1.720952381,0.387976994,71.772376,101.303,3.624,2.788599,1.96E+11,2020,1
2/1/2020,526174,422679,29290,42010,22735,6635,60618,10859,11324,66932,68276,457898,1.615789474,0.274061813,71.78967495,101.7038,3.465,2.812655,1.78E+11,2020,2
3/1/2020,480150,403993,30733,34537,11477,5482,64302,8790,9784,71863,47758,432392,0.986818182,-0.217645103,70.5640085,97.8746,3.45,2.641068,1.94E+11,2020,3
4/1/2020,407025,340784,26103,26068,2866,3693,56625,6269,7179,76674,31107,375918,1.103333333,-0.668694187,60.26101437,84.959,3.306,2.233555,1.66E+11,2020,4
5/1/2020,483066,385103,26413,29535,8288,6455,60494,8855,8550,84419,41021,442045,1.1155,0.001950162,62.24638024,86.3345,3.2325,2.085757,1.63E+11,2020,5
6/1/2020,525093,418132,28579,33677,17139,8244,61107,9626,10512,82753,52844,472249,1.273181818,0.547204693,64.79148629,91.7523,3.1625,2.064379,1.79E+11,2020,6
7/1/2020,536087,430255,30173,35448,17912,7889,61181,9640,10997,87256,54918,481169,1.456363636,0.50582435,65.39307036,95.2439,3.016,2.350691,2.00E+11,2020,7
8/1/2020,540078,432843,29802,36194,18400,7467,59992,9450,11174,87790,57687,482391,1.661428571,0.315321052,66.86129691,96.1173,2.935,2.297196,2.03E+11,2020,8
9/1/2020,551871,440843,30274,36714,20827,7855,62289,10411,11198,88022,59171,492700,1.656190476,0.139274694,66.93470585,96.0711,2.89,2.088195,2.06E+11,2020,9
10/1/2020,550049,439587,30170,36926,20303,7764,61465,9890,11212,88693,59223,490826,1.703809524,0.041493776,67.83905746,96.825,2.834,1.848308,2.19E+11,2020,10
11/1/2020,543834,434907,29698,36193,19017,7664,61442,9496,11229,88465,57001,486833,1.712105263,-0.061062722,67.76742521,97.1183,2.765,1.786708,2.12E+11,2020,11
12/1/2020,542942,431856,29948,39293,20007,7711,60493,8867,11802,85101,54066,488876,1.915909091,0.094147847,67.9143578,98.138,2.684,1.694452,2.15E+11,2020,12
1/1/2021,572822,457790,29977,41104,21093,8545,65762,10555,11835,91081,59553,513269,2.081578947,0.425378349,68.18534226,99.2645,2.735,1.504532,2.05E+11,2021,1
2/1/2021,562686,450910,29740,42741,19904,7830,62783,9929,11602,90997,59036,503650,2.18,0.547438279,68.40536123,96.2231,2.81,1.520784,1.94E+11,2021,2
3/1/2021,625731,494626,32383,46146,24019,9513,69549,11311,13170,99351,67362,558369,2.275217391,0.708327313,68.59722965,98.8621,3.0825,1.694673,2.37E+11,2021,3
4/1/2021,625764,492307,32315,45900,24070,9367,68499,11206,13291,95121,69899,555865,2.349545455,0.821890915,68.70261216,99.0246,3.06,2.284027,2.27E+11,2021,4
5/1/2021,622921,491778,31531,46209,24789,9095,66475,11432,12482,96292,72480,550441,2.468,0.801710515,68.9805578,99.7785,2.9625,2.623896,2.31E+11,2021,5
6/1/2021,627756,499775,32847,46862,25828,8939,67064,11564,13656,96048,75912,551844,2.342727273,0.92906629,69.11903788,100.1923,2.975,2.604632,2.42E+11,2021,6
7/1/2021,620648,499779,32678,48385,25237,8974,66518,11365,13894,94858,77293,543355,2.327619048,0.481052353,69.66496755,100.8724,2.868,2.325734,2.37E+11,2021,7
8/1/2021,624738,505547,32866,49523,25020,8951,67257,11378,14060,96886,77792,546946,2.348636364,0.206591136,69.69373307,100.837,2.8425,2.353165,2.45E+11,2021,8
9/1/2021,630905,510560,32710,51633,25376,8951,67760,11481,14324,97724,78288,552617,2.344285714,0.271597086,69.96268289,99.8498,2.9,2.649506,2.45E+11,2021,9
10/1/2021,640899,518231,32444,53978,25487,9020,68516,11491,14463,99837,78603,562296,2.535,0.830811855,70.13436326,101.3602,3.0675,3.04294,2.51E+11,2021,10
11/1/2021,644741,521070,32793,55209,25784,9194,68402,11220,14381,100341,79051,565690,2.616,0.49134275,70.58731728,101.961,3.0675,3.205069,2.59E+11,2021,11
12/1/2021,634393,513586,32797,55910,25051,8968,67197,10253,14285,95958,77583,556810,2.458181818,0.307251716,70.79960981,101.7587,3.098,3.467011,2.58E+11,2021,12
1/1/2022,651557,521891,32815,54919,25160,8877,69233,11376,14527,102773,75557,576000,2.4495,0.841457378,70.74889886,102.146,3.445,3.982987642,2.48E+11,2022,1
2/1/2022,662321,530893,32445,58392,25481,8916,67568,11397,14986,104095,80553,581768,2.457894737,0.913397926,70.89030661,102.9981,3.7625,4.297857761,2.35E+11,2022,2
3/1/2022,669958,541436,32763,64656,26157,9009,68468,11393,15490,102895,82388,587570,2.846521739,1.335137955,71.31162226,103.7286,4.172,4.551814556,2.97E+11,2022,3
4/1/2022,674719,543908,32962,63819,26166,9069,68026,11419,15864,104003,84481,590238,2.884,0.558253103,71.26237811,104.5224,4.9825,4.723537922,2.73E+11,2022,4
5/1/2022,673852,546969,32695,67413,25866,9106,68175,11526,15497,103005,85217,588635,2.688571429,1.1023524,71.38541596,104.5729,5.23,4.975575447,,2022,5
,,,,,,,,,,,,,,,,,,5.425963402,,,
